"Time","Fuel system status: Fuel system A","Fuel system status: Fuel system B","Calculated engine load [%]","Engine Coolant Temperature [°C]","Short Term Fuel Trim - Bank 1 [%]","Long Term Fuel Trim - Bank 1 [%]","Intake Manifold Absolute Pressure [kPa]","Engine RPM [RPM]","Vehicle Speed Sensor [km/h]","Ignition Timing Advance for #1 Cylinder","Intake Air Temperature [°C]","Absolute Throttle Position [%]","OBD requirements to which vehicle is certified","Distance Traveled While MIL is Activated [km]","Fuel consumption [l/100km]","Battery voltage [V]"
14:03:49.097,,,,,,,,,,,,,,,,
14:03:49.097,,,,,,,,,,,,,,,,
14:03:49.170,,,,,,,,,,,,,,,,
14:03:49.243,,,,"89",,,,,,,,,,,,
14:03:49.316,,,,,,,,,,,,,,,,
14:03:49.386,,,,,,,,,,,,,,,,
14:03:49.455,,,,,,,,,,,,,,,,
14:03:49.525,,,,"89",,,,"2066",,,,,,,,
14:03:49.601,,,,"89",,,,"2066","34",,,,,,,
14:03:49.666,,,,,,,,,,,,,,,,
14:03:49.745,,,,"89",,,,"2066","34",,"39",,,,,
14:03:49.806,,,,,,,,,,,,,,,,
14:03:49.878,,,,,,,,,,,,,,,,
14:03:49.945,,,,,,,,,,,,,,,,
14:03:50.234,,,,,,,,,,,,,,,,
14:03:50.471,,,,,,,,,,,,,,,,
14:03:50.766,,,,,,,,,,,,,,,,
14:03:50.766,,,,,,,,,,,,,,,,
14:03:50.834,,,,,,,,,,,,,,,,
14:03:50.906,,,,"89",,,,"2066","34",,"39",,,,,
14:03:50.970,,,,,,,,,,,,,,,,
14:03:51.037,,,,,,,,,,,,,,,,
14:03:51.110,,,,,,,,,,,,,,,,
14:03:51.177,,,,"89",,,,"2211","34",,"39",,,,,
14:03:51.256,,,,"89",,,,"2211","36",,"39",,,,,
14:03:51.320,,,,,,,,,,,,,,,,
14:03:51.390,,,,"89",,,,"2211","36",,"39",,,,,
14:03:51.467,,,,,,,,,,,,,,,,
14:03:51.530,,,,,,,,,,,,,,,,
14:03:51.604,,,,,,,,,,,,,,,,
14:03:52.367,,,,,,,,,,,,,,,,
14:03:52.735,,,,,,,,,,,,,,,,
14:03:53.530,,,,,,,,,,,,,,,,
14:03:53.530,,,,,,,,,,,,,,,,
14:03:53.792,,,,,,,,,,,,,,,,
14:03:53.980,,,,"89",,,,"2211","36",,"39",,,,,
14:03:54.156,,,,,,,,,,,,,,,,
14:03:54.322,,,,,,,,,,,,,,,,
14:03:54.494,,,,,,,,,,,,,,,,
14:03:54.758,,,,"89",,,,"1743","36",,"39",,,,,
14:03:54.938,,,,"89",,,,"1743","28",,"39",,,,,
14:03:55.146,,,,,,,,,,,,,,,,
14:03:55.337,,,,"89",,,,"1743","28",,"40",,,,,
14:03:55.529,,,,,,,,,,,,,,,,
14:03:55.799,,,,,,,,,,,,,,,,
14:03:55.994,,,,,,,,,,,,,,,,
14:03:56.767,,,,,,,,,,,,,,,,
14:03:57.137,,,,,,,,,,,,,,,,
14:03:57.823,,,,,,,,,,,,,,,,
14:03:57.823,,,,,,,,,,,,,,,,
14:03:57.890,,,,,,,,,,,,,,,,
14:03:57.962,,,,"90",,,,"1743","28",,"40",,,,,
14:03:58.038,,,,,,,,,,,,,,,,
14:03:58.117,,,,,,,,,,,,,,,,
14:03:58.181,,,,,,,,,,,,,,,,
14:03:58.253,,,,"90",,,,"2181","28",,"40",,,,,
14:03:58.325,,,,"90",,,,"2181","36",,"40",,,,,
14:03:58.398,,,,,,,,,,,,,,,,
14:03:58.470,,,,"90",,,,"2181","36",,"40",,,,,
14:03:58.541,,,,,,,,,,,,,,,,
14:03:58.607,,,,,,,,,,,,,,,,
14:03:58.679,,,,,,,,,,,,,,,,
14:03:58.966,,,,,,,,,,,,,,,,
14:03:59.205,,,,,,,,,,,,,,,,
14:03:59.490,,,,,,,,,,,,,,,,
14:03:59.490,,,,,,,,,,,,,,,,
14:03:59.559,,,,,,,,,,,,,,,,
14:03:59.630,,,,"90",,,,"2181","36",,"40",,,,,
14:03:59.702,,,,,,,,,,,,,,,,
14:03:59.770,,,,,,,,,,,,,,,,
14:03:59.840,,,,,,,,,,,,,,,,
14:03:59.912,,,,"90",,,,"2489","36",,"40",,,,,
14:03:59.984,,,,"90",,,,"2489","40",,"40",,,,,
14:04:00.056,,,,,,,,,,,,,,,,
14:04:00.129,,,,"90",,,,"2489","40",,"40",,,,,
14:04:00.197,,,,,,,,,,,,,,,,
14:04:00.266,,,,,,,,,,,,,,,,
14:04:00.337,,,,,,,,,,,,,,,,
14:04:00.618,,,,,,,,,,,,,,,,
14:04:00.864,,,,,,,,,,,,,,,,
14:04:01.138,,,,,,,,,,,,,,,,
14:04:01.138,,,,,,,,,,,,,,,,
14:04:01.217,,,,,,,,,,,,,,,,
14:04:01.289,,,,"90",,,,"2489","40",,"40",,,,,
14:04:01.361,,,,,,,,,,,,,,,,
14:04:01.426,,,,,,,,,,,,,,,,
14:04:01.498,,,,,,,,,,,,,,,,
14:04:01.570,,,,"90",,,,"2325","40",,"40",,,,,
14:04:01.642,,,,"90",,,,"2325","44",,"40",,,,,
14:04:01.707,,,,,,,,,,,,,,,,
14:04:01.779,,,,"90",,,,"2325","44",,"39",,,,,
14:04:01.851,,,,,,,,,,,,,,,,
14:04:01.918,,,,,,,,,,,,,,,,
14:04:01.991,,,,,,,,,,,,,,,,
14:04:02.271,,,,,,,,,,,,,,,,
14:04:02.514,,,,,,,,,,,,,,,,
14:04:02.802,,,,,,,,,,,,,,,,
14:04:02.802,,,,,,,,,,,,,,,,
14:04:02.867,,,,,,,,,,,,,,,,
14:04:02.946,,,,"90",,,,"2325","44",,"39",,,,,
14:04:03.018,,,,,,,,,,,,,,,,
14:04:03.090,,,,,,,,,,,,,,,,
14:04:03.162,,,,,,,,,,,,,,,,
14:04:03.235,,,,"90",,,,"2056","44",,"39",,,,,
14:04:03.314,,,,"90",,,,"2056","46",,"39",,,,,
14:04:03.382,,,,,,,,,,,,,,,,
14:04:03.456,,,,"90",,,,"2056","46",,"40",,,,,
14:04:03.526,,,,,,,,,,,,,,,,
14:04:03.598,,,,,,,,,,,,,,,,
14:04:03.667,,,,,,,,,,,,,,,,
14:04:03.939,,,,,,,,,,,,,,,,
14:04:04.190,,,,,,,,,,,,,,,,
14:04:04.447,,,,,,,,,,,,,,,,
14:04:04.447,,,,,,,,,,,,,,,,
14:04:04.518,,,,,,,,,,,,,,,,
14:04:04.590,,,,"91",,,,"2056","46",,"40",,,,,
14:04:04.649,,,,,,,,,,,,,,,,
14:04:04.828,,,,,,,,,,,,,,,,
14:04:04.994,,,,,,,,,,,,,,,,
14:04:05.174,,,,"91",,,,"2198","46",,"40",,,,,
14:04:05.369,,,,"91",,,,"2198","50",,"40",,,,,
14:04:05.564,,,,,,,,,,,,,,,,
14:04:05.828,,,,"91",,,,"2198","50",,"39",,,,,
14:04:06.037,,,,,,,,,,,,,,,,
14:04:06.205,,,,,,,,,,,,,,,,
14:04:06.367,,,,,,,,,,,,,,,,
14:04:07.156,,,,,,,,,,,,,,,,
14:04:07.506,,,,,,,,,,,,,,,,
14:04:08.331,,,,,,,,,,,,,,,,
14:04:08.331,,,,,,,,,,,,,,,,
14:04:08.522,,,,,,,,,,,,,,,,
14:04:08.792,,,,"92",,,,"2198","50",,"39",,,,,
14:04:08.987,,,,,,,,,,,,,,,,
14:04:09.149,,,,,,,,,,,,,,,,
14:04:09.325,,,,,,,,,,,,,,,,
14:04:09.488,,,,"92",,,,"1720","50",,"39",,,,,
14:04:09.760,,,,"92",,,,"1720","38",,"39",,,,,
14:04:09.952,,,,,,,,,,,,,,,,
14:04:10.128,,,,"92",,,,"1720","38",,"40",,,,,
14:04:10.297,,,,,,,,,,,,,,,,
14:04:10.473,,,,,,,,,,,,,,,,
14:04:10.729,,,,,,,,,,,,,,,,
14:04:11.031,,,,,,,,,,,,,,,,
14:04:11.277,,,,,,,,,,,,,,,,
14:04:11.567,,,,,,,,,,,,,,,,
14:04:11.567,,,,,,,,,,,,,,,,
14:04:11.639,,,,,,,,,,,,,,,,
14:04:11.710,,,,"92",,,,"1720","38",,"40",,,,,
14:04:11.782,,,,,,,,,,,,,,,,
14:04:11.847,,,,,,,,,,,,,,,,
14:04:11.926,,,,,,,,,,,,,,,,
14:04:11.991,,,,"92",,,,"1710","38",,"40",,,,,
14:04:12.059,,,,"92",,,,"1710","39",,"40",,,,,
14:04:12.130,,,,,,,,,,,,,,,,
14:04:12.202,,,,"92",,,,"1710","39",,"39",,,,,
14:04:12.274,,,,,,,,,,,,,,,,
14:04:12.341,,,,,,,,,,,,,,,,
14:04:12.413,,,,,,,,,,,,,,,,
14:04:12.702,,,,,,,,,,,,,,,,
14:04:12.939,,,,,,,,,,,,,,,,
14:04:13.366,,,,,,,,,,,,,,,,
14:04:13.366,,,,,,,,,,,,,,,,
14:04:13.431,,,,,,,,,,,,,,,,
14:04:13.496,,,,"93",,,,"1710","39",,"39",,,,,
14:04:13.568,,,,,,,,,,,,,,,,
14:04:13.640,,,,,,,,,,,,,,,,
14:04:13.719,,,,,,,,,,,,,,,,
14:04:13.785,,,,"93",,,,"1614","39",,"39",,,,,
14:04:13.855,,,,"93",,,,"1614","36",,"39",,,,,
14:04:13.927,,,,,,,,,,,,,,,,
14:04:13.998,,,,"93",,,,"1614","36",,"40",,,,,
14:04:14.070,,,,,,,,,,,,,,,,
14:04:14.143,,,,,,,,,,,,,,,,
14:04:14.208,,,,,,,,,,,,,,,,
14:04:14.492,,,,,,,,,,,,,,,,
14:04:14.736,,,,,,,,,,,,,,,,
14:04:15.037,,,,,,,,,,,,,,,,
14:04:15.037,,,,,,,,,,,,,,,,
14:04:15.116,,,,,,,,,,,,,,,,
14:04:15.187,,,,"93",,,,"1614","36",,"40",,,,,
14:04:15.259,,,,,,,,,,,,,,,,
14:04:15.326,,,,,,,,,,,,,,,,
14:04:15.399,,,,,,,,,,,,,,,,
14:04:15.474,,,,"93",,,,"1727","36",,"40",,,,,
14:04:15.547,,,,"93",,,,"1727","39",,"40",,,,,
14:04:15.619,,,,,,,,,,,,,,,,
14:04:15.692,,,,"93",,,,"1727","39",,"40",,,,,
14:04:15.766,,,,,,,,,,,,,,,,
14:04:15.831,,,,,,,,,,,,,,,,
14:04:15.904,,,,,,,,,,,,,,,,
14:04:16.183,,,,,,,,,,,,,,,,
14:04:16.441,,,,,,,,,,,,,,,,
14:04:16.714,,,,,,,,,,,,,,,,
14:04:16.714,,,,,,,,,,,,,,,,
14:04:16.786,,,,,,,,,,,,,,,,
14:04:16.851,,,,"93",,,,"1727","39",,"40",,,,,
14:04:16.922,,,,,,,,,,,,,,,,
14:04:16.989,,,,,,,,,,,,,,,,
14:04:17.059,,,,,,,,,,,,,,,,
14:04:17.132,,,,"93",,,,"1808","39",,"40",,,,,
14:04:17.200,,,,"93",,,,"1808","40",,"40",,,,,
14:04:17.272,,,,,,,,,,,,,,,,
14:04:17.347,,,,"93",,,,"1808","40",,"40",,,,,
14:04:17.415,,,,,,,,,,,,,,,,
14:04:17.487,,,,,,,,,,,,,,,,
14:04:17.559,,,,,,,,,,,,,,,,
14:04:18.177,,,,,,,,,,,,,,,,
14:04:18.460,,,,,,,,,,,,,,,,
14:04:19.362,,,,,,,,,,,,,,,,
14:04:19.362,,,,,,,,,,,,,,,,
14:04:19.524,,,,,,,,,,,,,,,,
14:04:19.794,,,,"94",,,,"1808","40",,"40",,,,,
14:04:19.989,,,,,,,,,,,,,,,,
14:04:20.165,,,,,,,,,,,,,,,,
14:04:20.326,,,,,,,,,,,,,,,,
14:04:20.502,,,,"94",,,,"1884","40",,"40",,,,,
14:04:20.766,,,,"94",,,,"1884","42",,"40",,,,,
14:04:20.953,,,,,,,,,,,,,,,,
14:04:21.164,,,,"94",,,,"1884","42",,"40",,,,,
14:04:21.328,,,,,,,,,,,,,,,,
14:04:21.524,,,,,,,,,,,,,,,,
14:04:21.789,,,,,,,,,,,,,,,,
14:04:22.495,,,,,,,,,,,,,,,,
14:04:22.837,,,,,,,,,,,,,,,,
14:04:23.763,,,,,,,,,,,,,,,,
14:04:23.763,,,,,,,,,,,,,,,,
14:04:23.828,,,,,,,,,,,,,,,,
14:04:23.893,,,,"94",,,,"1884","42",,"40",,,,,
14:04:23.965,,,,,,,,,,,,,,,,
14:04:24.044,,,,,,,,,,,,,,,,
14:04:24.115,,,,,,,,,,,,,,,,
14:04:24.180,,,,"94",,,,"1648","42",,"40",,,,,
14:04:24.251,,,,"94",,,,"1648","37",,"40",,,,,
14:04:24.323,,,,,,,,,,,,,,,,
14:04:24.395,,,,"94",,,,"1648","37",,"40",,,,,
14:04:24.467,,,,,,,,,,,,,,,,
14:04:24.532,,,,,,,,,,,,,,,,
14:04:24.597,,,,,,,,,,,,,,,,
14:04:24.880,,,,,,,,,,,,,,,,
14:04:25.124,,,,,,,,,,,,,,,,
14:04:25.413,,,,,,,,,,,,,,,,
14:04:25.413,,,,,,,,,,,,,,,,
14:04:25.478,,,,,,,,,,,,,,,,
14:04:25.551,,,,"95",,,,"1648","37",,"40",,,,,
14:04:25.618,,,,,,,,,,,,,,,,
14:04:25.688,,,,,,,,,,,,,,,,
14:04:25.759,,,,,,,,,,,,,,,,
14:04:25.831,,,,"95",,,,"1715","37",,"40",,,,,
14:04:25.903,,,,"95",,,,"1715","39",,"40",,,,,
14:04:25.968,,,,,,,,,,,,,,,,
14:04:26.047,,,,"95",,,,"1715","39",,"40",,,,,
14:04:26.112,,,,,,,,,,,,,,,,
14:04:26.180,,,,,,,,,,,,,,,,
14:04:26.250,,,,,,,,,,,,,,,,
14:04:26.532,,,,,,,,,,,,,,,,
14:04:26.776,,,,,,,,,,,,,,,,
14:04:27.060,,,,,,,,,,,,,,,,
14:04:27.060,,,,,,,,,,,,,,,,
14:04:27.132,,,,,,,,,,,,,,,,
14:04:27.203,,,,"95",,,,"1715","39",,"40",,,,,
14:04:27.271,,,,,,,,,,,,,,,,
14:04:27.335,,,,,,,,,,,,,,,,
14:04:27.409,,,,,,,,,,,,,,,,
14:04:27.476,,,,"95",,,,"1450","39",,"40",,,,,
14:04:27.552,,,,"95",,,,"1450","33",,"40",,,,,
14:04:27.624,,,,,,,,,,,,,,,,
14:04:27.698,,,,"95",,,,"1450","33",,"40",,,,,
14:04:27.768,,,,,,,,,,,,,,,,
14:04:27.840,,,,,,,,,,,,,,,,
14:04:27.908,,,,,,,,,,,,,,,,
14:04:28.189,,,,,,,,,,,,,,,,
14:04:28.442,,,,,,,,,,,,,,,,
14:04:28.749,,,,,,,,,,,,,,,,
14:04:28.749,,,,,,,,,,,,,,,,
14:04:28.819,,,,,,,,,,,,,,,,
14:04:28.884,,,,"95",,,,"1450","33",,"40",,,,,
14:04:28.957,,,,,,,,,,,,,,,,
14:04:29.032,,,,,,,,,,,,,,,,
14:04:29.105,,,,,,,,,,,,,,,,
14:04:29.170,,,,"95",,,,"1291","33",,"40",,,,,
14:04:29.229,,,,"95",,,,"1291","31",,"40",,,,,
14:04:29.301,,,,,,,,,,,,,,,,
14:04:29.365,,,,"95",,,,"1291","31",,"40",,,,,
14:04:29.437,,,,,,,,,,,,,,,,
14:04:29.504,,,,,,,,,,,,,,,,
14:04:29.577,,,,,,,,,,,,,,,,
14:04:29.865,,,,,,,,,,,,,,,,
14:04:30.107,,,,,,,,,,,,,,,,
14:04:30.393,,,,,,,,,,,,,,,,
14:04:30.393,,,,,,,,,,,,,,,,
14:04:30.465,,,,,,,,,,,,,,,,
14:04:30.533,,,,"95",,,,"1291","31",,"40",,,,,
14:04:30.612,,,,,,,,,,,,,,,,
14:04:30.681,,,,,,,,,,,,,,,,
14:04:30.958,,,,,,,,,,,,,,,,
14:04:31.208,,,,"95",,,,"1306","31",,"40",,,,,
14:04:31.367,,,,"95",,,,"1306","29",,"40",,,,,
14:04:31.574,,,,,,,,,,,,,,,,
14:04:31.829,,,,"95",,,,"1306","29",,"40",,,,,
14:04:32.025,,,,,,,,,,,,,,,,
14:04:32.189,,,,,,,,,,,,,,,,
14:04:32.363,,,,,,,,,,,,,,,,
14:04:33.166,,,,,,,,,,,,,,,,
14:04:33.503,,,,,,,,,,,,,,,,
14:04:34.337,,,,,,,,,,,,,,,,
14:04:34.337,,,,,,,,,,,,,,,,
14:04:34.539,,,,,,,,,,,,,,,,
14:04:34.800,,,,"94",,,,"1306","29",,"40",,,,,
14:04:34.990,,,,,,,,,,,,,,,,
14:04:35.166,,,,,,,,,,,,,,,,
14:04:35.330,,,,,,,,,,,,,,,,
14:04:35.504,,,,"94",,,,"1354","29",,"40",,,,,
14:04:35.767,,,,"94",,,,"1354","29",,"40",,,,,
14:04:35.955,,,,,,,,,,,,,,,,
14:04:36.131,,,,"94",,,,"1354","29",,"41",,,,,
14:04:36.307,,,,,,,,,,,,,,,,
14:04:36.470,,,,,,,,,,,,,,,,
14:04:36.744,,,,,,,,,,,,,,,,
14:04:37.038,,,,,,,,,,,,,,,,
14:04:37.279,,,,,,,,,,,,,,,,
14:04:37.542,,,,,,,,,,,,,,,,
14:04:37.542,,,,,,,,,,,,,,,,
14:04:37.613,,,,,,,,,,,,,,,,
14:04:37.684,,,,"93",,,,"1354","29",,"41",,,,,
14:04:37.756,,,,,,,,,,,,,,,,
14:04:37.829,,,,,,,,,,,,,,,,
14:04:37.901,,,,,,,,,,,,,,,,
14:04:37.972,,,,"93",,,,"1380","29",,"41",,,,,
14:04:38.041,,,,"93",,,,"1380","31",,"41",,,,,
14:04:38.113,,,,,,,,,,,,,,,,
14:04:38.192,,,,"93",,,,"1380","31",,"40",,,,,
14:04:38.263,,,,,,,,,,,,,,,,
14:04:38.329,,,,,,,,,,,,,,,,
14:04:38.401,,,,,,,,,,,,,,,,
14:04:38.685,,,,,,,,,,,,,,,,
14:04:38.928,,,,,,,,,,,,,,,,
14:04:39.376,,,,,,,,,,,,,,,,
14:04:39.376,,,,,,,,,,,,,,,,
14:04:39.442,,,,,,,,,,,,,,,,
14:04:39.514,,,,"93",,,,"1380","31",,"40",,,,,
14:04:39.592,,,,,,,,,,,,,,,,
14:04:39.664,,,,,,,,,,,,,,,,
14:04:39.737,,,,,,,,,,,,,,,,
14:04:39.801,,,,"93",,,,"1425","31",,"40",,,,,
14:04:39.873,,,,"93",,,,"1425","33",,"40",,,,,
14:04:39.952,,,,,,,,,,,,,,,,
14:04:40.024,,,,"93",,,,"1425","33",,"40",,,,,
14:04:40.089,,,,,,,,,,,,,,,,
14:04:40.162,,,,,,,,,,,,,,,,
14:04:40.233,,,,,,,,,,,,,,,,
14:04:40.516,,,,,,,,,,,,,,,,
14:04:40.760,,,,,,,,,,,,,,,,
14:04:41.045,,,,,,,,,,,,,,,,
14:04:41.045,,,,,,,,,,,,,,,,
14:04:41.117,,,,,,,,,,,,,,,,
14:04:41.182,,,,"92",,,,"1425","33",,"40",,,,,
14:04:41.254,,,,,,,,,,,,,,,,
14:04:41.322,,,,,,,,,,,,,,,,
14:04:41.394,,,,,,,,,,,,,,,,
14:04:41.466,,,,"92",,,,"1342","33",,"40",,,,,
14:04:41.531,,,,"92",,,,"1342","30",,"40",,,,,
14:04:41.590,,,,,,,,,,,,,,,,
14:04:41.662,,,,"92",,,,"1342","30",,"40",,,,,
14:04:41.733,,,,,,,,,,,,,,,,
14:04:41.805,,,,,,,,,,,,,,,,
14:04:41.884,,,,,,,,,,,,,,,,
14:04:42.162,,,,,,,,,,,,,,,,
14:04:42.413,,,,,,,,,,,,,,,,
14:04:42.705,,,,,,,,,,,,,,,,
14:04:42.705,,,,,,,,,,,,,,,,
14:04:42.772,,,,,,,,,,,,,,,,
14:04:42.845,,,,"92",,,,"1342","30",,"40",,,,,
14:04:42.910,,,,,,,,,,,,,,,,
14:04:42.982,,,,,,,,,,,,,,,,
14:04:43.056,,,,,,,,,,,,,,,,
14:04:43.121,,,,"92",,,,"1361","30",,"40",,,,,
14:04:43.192,,,,"92",,,,"1361","30",,"40",,,,,
14:04:43.263,,,,,,,,,,,,,,,,
14:04:43.322,,,,"92",,,,"1361","30",,"41",,,,,
14:04:43.394,,,,,,,,,,,,,,,,
14:04:43.473,,,,,,,,,,,,,,,,
14:04:43.544,,,,,,,,,,,,,,,,
14:04:44.178,,,,,,,,,,,,,,,,
14:04:44.457,,,,,,,,,,,,,,,,
14:04:45.363,,,,,,,,,,,,,,,,
14:04:45.363,,,,,,,,,,,,,,,,
14:04:45.539,,,,,,,,,,,,,,,,
14:04:45.814,,,,"91",,,,"1361","30",,"41",,,,,
14:04:45.990,,,,,,,,,,,,,,,,
14:04:46.166,,,,,,,,,,,,,,,,
14:04:46.328,,,,,,,,,,,,,,,,
14:04:46.505,,,,"91",,,,"968","30",,"41",,,,,
14:04:46.767,,,,"91",,,,"968","19",,"41",,,,,
14:04:46.955,,,,,,,,,,,,,,,,
14:04:47.147,,,,"91",,,,"968","19",,"41",,,,,
14:04:47.342,,,,,,,,,,,,,,,,
14:04:47.532,,,,,,,,,,,,,,,,
14:04:47.822,,,,,,,,,,,,,,,,
14:04:48.512,,,,,,,,,,,,,,,,
14:04:48.855,,,,,,,,,,,,,,,,
14:04:49.758,,,,,,,,,,,,,,,,
14:04:49.758,,,,,,,,,,,,,,,,
14:04:49.826,,,,,,,,,,,,,,,,
14:04:49.898,,,,"90",,,,"968","19",,"41",,,,,
14:04:49.970,,,,,,,,,,,,,,,,
14:04:50.042,,,,,,,,,,,,,,,,
14:04:50.114,,,,,,,,,,,,,,,,
14:04:50.181,,,,"90",,,,"2233","19",,"41",,,,,
14:04:50.254,,,,"90",,,,"2233","24",,"41",,,,,
14:04:50.332,,,,,,,,,,,,,,,,
14:04:50.404,,,,"90",,,,"2233","24",,"41",,,,,
14:04:50.470,,,,,,,,,,,,,,,,
14:04:50.549,,,,,,,,,,,,,,,,
14:04:50.613,,,,,,,,,,,,,,,,
14:04:50.900,,,,,,,,,,,,,,,,
14:04:51.147,,,,,,,,,,,,,,,,
14:04:51.422,,,,,,,,,,,,,,,,
14:04:51.422,,,,,,,,,,,,,,,,
14:04:51.494,,,,,,,,,,,,,,,,
14:04:51.573,,,,"90",,,,"2233","24",,"41",,,,,
14:04:51.645,,,,,,,,,,,,,,,,
14:04:51.709,,,,,,,,,,,,,,,,
14:04:51.781,,,,,,,,,,,,,,,,
14:04:51.853,,,,"90",,,,"2759","24",,"41",,,,,
14:04:51.925,,,,"90",,,,"2759","30",,"41",,,,,
14:04:51.998,,,,,,,,,,,,,,,,
14:04:52.071,,,,"90",,,,"2759","30",,"41",,,,,
14:04:52.134,,,,,,,,,,,,,,,,
14:04:52.206,,,,,,,,,,,,,,,,
14:04:52.277,,,,,,,,,,,,,,,,
14:04:52.556,,,,,,,,,,,,,,,,
14:04:52.802,,,,,,,,,,,,,,,,
14:04:53.086,,,,,,,,,,,,,,,,
14:04:53.086,,,,,,,,,,,,,,,,
14:04:53.154,,,,,,,,,,,,,,,,
14:04:53.225,,,,"89",,,,"2759","30",,"41",,,,,
14:04:53.294,,,,,,,,,,,,,,,,
14:04:53.366,,,,,,,,,,,,,,,,
14:04:53.439,,,,,,,,,,,,,,,,
14:04:53.505,,,,"89",,,,"2153","30",,"41",,,,,
14:04:53.586,,,,"89",,,,"2153","35",,"41",,,,,
14:04:53.650,,,,,,,,,,,,,,,,
14:04:53.721,,,,"89",,,,"2153","35",,"41",,,,,
14:04:53.787,,,,,,,,,,,,,,,,
14:04:53.859,,,,,,,,,,,,,,,,
14:04:53.931,,,,,,,,,,,,,,,,
14:04:54.214,,,,,,,,,,,,,,,,
14:04:54.457,,,,,,,,,,,,,,,,
14:04:54.741,,,,,,,,,,,,,,,,
14:04:54.741,,,,,,,,,,,,,,,,
14:04:54.813,,,,,,,,,,,,,,,,
14:04:54.879,,,,"89",,,,"2153","35",,"41",,,,,
14:04:54.950,,,,,,,,,,,,,,,,
14:04:55.022,,,,,,,,,,,,,,,,
14:04:55.090,,,,,,,,,,,,,,,,
14:04:55.160,,,,"89",,,,"2390","35",,"41",,,,,
14:04:55.233,,,,"89",,,,"2390","40",,"41",,,,,
14:04:55.308,,,,,,,,,,,,,,,,
14:04:55.379,,,,"89",,,,"2390","40",,"40",,,,,
14:04:55.450,,,,,,,,,,,,,,,,
14:04:55.522,,,,,,,,,,,,,,,,
14:04:55.580,,,,,,,,,,,,,,,,
14:04:55.859,,,,,,,,,,,,,,,,
14:04:56.102,,,,,,,,,,,,,,,,
14:04:56.393,,,,,,,,,,,,,,,,
14:04:56.393,,,,,,,,,,,,,,,,
14:04:56.467,,,,,,,,,,,,,,,,
14:04:56.534,,,,"89",,,,"2390","40",,"40",,,,,
14:04:56.606,,,,,,,,,,,,,,,,
14:04:56.674,,,,,,,,,,,,,,,,
14:04:56.956,,,,,,,,,,,,,,,,
14:04:57.179,,,,"89",,,,"1624","40",,"40",,,,,
14:04:57.369,,,,"89",,,,"1624","36",,"40",,,,,
14:04:57.568,,,,,,,,,,,,,,,,
14:04:57.871,,,,"89",,,,"1624","36",,"40",,,,,
14:04:58.040,,,,,,,,,,,,,,,,
14:04:58.210,,,,,,,,,,,,,,,,
14:04:58.371,,,,,,,,,,,,,,,,
14:04:59.159,,,,,,,,,,,,,,,,
14:04:59.522,,,,,,,,,,,,,,,,
14:05:00.322,,,,,,,,,,,,,,,,
14:05:00.322,,,,,,,,,,,,,,,,
14:05:00.589,,,,,,,,,,,,,,,,
14:05:00.787,,,,"89",,,,"1624","36",,"40",,,,,
14:05:00.949,,,,,,,,,,,,,,,,
14:05:01.124,,,,,,,,,,,,,,,,
14:05:01.286,,,,,,,,,,,,,,,,
14:05:01.597,,,,"89",,,,"1857","36",,"40",,,,,
14:05:01.758,,,,"89",,,,"1857","42",,"40",,,,,
14:05:01.920,,,,,,,,,,,,,,,,
14:05:02.096,,,,"89",,,,"1857","42",,"41",,,,,
14:05:02.259,,,,,,,,,,,,,,,,
14:05:02.529,,,,,,,,,,,,,,,,
14:05:02.615,,,,,,,,,,,,,,,,
14:05:02.911,,,,,,,,,,,,,,,,
14:05:03.158,,,,,,,,,,,,,,,,
14:05:03.509,,,,,,,,,,,,,,,,
14:05:03.509,,,,,,,,,,,,,,,,
14:05:03.580,,,,,,,,,,,,,,,,
14:05:03.647,,,,"89",,,,"1857","42",,"41",,,,,
14:05:03.718,,,,,,,,,,,,,,,,
14:05:03.797,,,,,,,,,,,,,,,,
14:05:03.864,,,,,,,,,,,,,,,,
14:05:03.935,,,,"89",,,,"1801","42",,"41",,,,,
14:05:03.999,,,,"89",,,,"1801","45",,"41",,,,,
14:05:04.076,,,,,,,,,,,,,,,,
14:05:04.143,,,,"89",,,,"1801","45",,"40",,,,,
14:05:04.215,,,,,,,,,,,,,,,,
14:05:04.281,,,,,,,,,,,,,,,,
14:05:04.356,,,,,,,,,,,,,,,,
14:05:04.639,,,,,,,,,,,,,,,,
14:05:04.877,,,,,,,,,,,,,,,,
14:05:05.164,,,,,,,,,,,,,,,,
14:05:05.164,,,,,,,,,,,,,,,,
14:05:05.231,,,,,,,,,,,,,,,,
14:05:05.303,,,,"89",,,,"1801","45",,"40",,,,,
14:05:05.374,,,,,,,,,,,,,,,,
14:05:05.446,,,,,,,,,,,,,,,,
14:05:05.518,,,,,,,,,,,,,,,,
14:05:05.583,,,,"89",,,,"1661","45",,"40",,,,,
14:05:05.663,,,,"89",,,,"1661","47",,"40",,,,,
14:05:05.746,,,,,,,,,,,,,,,,
14:05:05.803,,,,"89",,,,"1661","47",,"41",,,,,
14:05:05.875,,,,,,,,,,,,,,,,
14:05:05.944,,,,,,,,,,,,,,,,
14:05:06.027,,,,,,,,,,,,,,,,
14:05:06.287,,,,,,,,,,,,,,,,
14:05:06.532,,,,,,,,,,,,,,,,
14:05:07.003,,,,,,,,,,,,,,,,
14:05:07.003,,,,,,,,,,,,,,,,
14:05:07.074,,,,,,,,,,,,,,,,
14:05:07.150,,,,"89",,,,"1661","47",,"41",,,,,
14:05:07.222,,,,,,,,,,,,,,,,
14:05:07.295,,,,,,,,,,,,,,,,
14:05:07.352,,,,,,,,,,,,,,,,
14:05:07.466,,,,"89",,,,"1761","47",,"41",,,,,
14:05:07.503,,,,"89",,,,"1761","50",,"41",,,,,
14:05:07.571,,,,,,,,,,,,,,,,
14:05:07.643,,,,"89",,,,"1761","50",,"41",,,,,
14:05:07.715,,,,,,,,,,,,,,,,
14:05:07.787,,,,,,,,,,,,,,,,
14:05:07.852,,,,,,,,,,,,,,,,
14:05:08.141,,,,,,,,,,,,,,,,
14:05:08.389,,,,,,,,,,,,,,,,
14:05:08.819,,,,,,,,,,,,,,,,
14:05:08.819,,,,,,,,,,,,,,,,
14:05:08.887,,,,,,,,,,,,,,,,
14:05:08.965,,,,"90",,,,"1761","50",,"41",,,,,
14:05:09.050,,,,,,,,,,,,,,,,
14:05:09.103,,,,,,,,,,,,,,,,
14:05:09.185,,,,,,,,,,,,,,,,
14:05:09.302,,,,"90",,,,"1852","50",,"41",,,,,
14:05:09.326,,,,"90",,,,"1852","53",,"41",,,,,
14:05:09.391,,,,,,,,,,,,,,,,
14:05:09.466,,,,"90",,,,"1852","53",,"41",,,,,
14:05:09.534,,,,,,,,,,,,,,,,
14:05:09.603,,,,,,,,,,,,,,,,
14:05:09.682,,,,,,,,,,,,,,,,
14:05:10.576,,,,,,,,,,,,,,,,
14:05:10.929,,,,,,,,,,,,,,,,
14:05:11.822,,,,,,,,,,,,,,,,
14:05:11.822,,,,,,,,,,,,,,,,
14:05:12.020,,,,,,,,,,,,,,,,
14:05:12.182,,,,"90",,,,"1852","53",,"41",,,,,
14:05:12.359,,,,,,,,,,,,,,,,
14:05:12.520,,,,,,,,,,,,,,,,
14:05:12.789,,,,,,,,,,,,,,,,
14:05:12.999,,,,"90",,,,"1846","53",,"41",,,,,
14:05:13.153,,,,"90",,,,"1846","52",,"41",,,,,
14:05:13.320,,,,,,,,,,,,,,,,
14:05:13.612,,,,"90",,,,"1846","52",,"41",,,,,
14:05:13.802,,,,,,,,,,,,,,,,
14:05:13.978,,,,,,,,,,,,,,,,
14:05:14.140,,,,,,,,,,,,,,,,
14:05:14.950,,,,,,,,,,,,,,,,
14:05:15.285,,,,,,,,,,,,,,,,
14:05:15.796,,,,,,,,,,,,,,,,
14:05:15.796,,,,,,,,,,,,,,,,
14:05:15.875,,,,,,,,,,,,,,,,
14:05:15.940,,,,"91",,,,"1846","52",,"41",,,,,
14:05:16.011,,,,,,,,,,,,,,,,
14:05:16.084,,,,,,,,,,,,,,,,
14:05:16.149,,,,,,,,,,,,,,,,
14:05:16.265,,,,"91",,,,"1777","52",,"41",,,,,
14:05:16.295,,,,"91",,,,"1777","50",,"41",,,,,
14:05:16.366,,,,,,,,,,,,,,,,
14:05:16.431,,,,"91",,,,"1777","50",,"41",,,,,
14:05:16.550,,,,,,,,,,,,,,,,
14:05:16.575,,,,,,,,,,,,,,,,
14:05:16.641,,,,,,,,,,,,,,,,
14:05:16.924,,,,,,,,,,,,,,,,
14:05:17.167,,,,,,,,,,,,,,,,
14:05:17.452,,,,,,,,,,,,,,,,
14:05:17.452,,,,,,,,,,,,,,,,
14:05:17.524,,,,,,,,,,,,,,,,
14:05:17.592,,,,"92",,,,"1777","50",,"41",,,,,
14:05:17.671,,,,,,,,,,,,,,,,
14:05:17.747,,,,,,,,,,,,,,,,
14:05:17.811,,,,,,,,,,,,,,,,
14:05:17.881,,,,"92",,,,"1854","50",,"41",,,,,
14:05:17.944,,,,"92",,,,"1854","53",,"41",,,,,
14:05:18.023,,,,,,,,,,,,,,,,
14:05:18.086,,,,"92",,,,"1854","53",,"41",,,,,
14:05:18.156,,,,,,,,,,,,,,,,
14:05:18.227,,,,,,,,,,,,,,,,
14:05:18.299,,,,,,,,,,,,,,,,
14:05:18.581,,,,,,,,,,,,,,,,
14:05:18.825,,,,,,,,,,,,,,,,
14:05:19.130,,,,,,,,,,,,,,,,
14:05:19.130,,,,,,,,,,,,,,,,
14:05:19.200,,,,,,,,,,,,,,,,
14:05:19.275,,,,"92",,,,"1854","53",,"41",,,,,
14:05:19.339,,,,,,,,,,,,,,,,
14:05:19.418,,,,,,,,,,,,,,,,
14:05:19.490,,,,,,,,,,,,,,,,
14:05:19.565,,,,"92",,,,"1924","53",,"41",,,,,
14:05:19.635,,,,"92",,,,"1924","55",,"41",,,,,
14:05:19.707,,,,,,,,,,,,,,,,
14:05:19.779,,,,"92",,,,"1924","55",,"41",,,,,
14:05:19.852,,,,,,,,,,,,,,,,
14:05:19.916,,,,,,,,,,,,,,,,
14:05:19.988,,,,,,,,,,,,,,,,
14:05:20.268,,,,,,,,,,,,,,,,
14:05:20.514,,,,,,,,,,,,,,,,
14:05:20.804,,,,,,,,,,,,,,,,
14:05:20.804,,,,,,,,,,,,,,,,
14:05:20.869,,,,,,,,,,,,,,,,
14:05:20.949,,,,"92",,,,"1924","55",,"41",,,,,
14:05:21.029,,,,,,,,,,,,,,,,
14:05:21.107,,,,,,,,,,,,,,,,
14:05:21.172,,,,,,,,,,,,,,,,
14:05:21.244,,,,"92",,,,"1954","55",,"41",,,,,
14:05:21.317,,,,"92",,,,"1954","56",,"41",,,,,
14:05:21.381,,,,,,,,,,,,,,,,
14:05:21.453,,,,"92",,,,"1954","56",,"41",,,,,
14:05:21.525,,,,,,,,,,,,,,,,
14:05:21.590,,,,,,,,,,,,,,,,
14:05:21.672,,,,,,,,,,,,,,,,
14:05:21.956,,,,,,,,,,,,,,,,
14:05:22.200,,,,,,,,,,,,,,,,
14:05:22.476,,,,,,,,,,,,,,,,
14:05:22.476,,,,,,,,,,,,,,,,
14:05:22.547,,,,,,,,,,,,,,,,
14:05:22.635,,,,"93",,,,"1954","56",,"41",,,,,
14:05:22.827,,,,,,,,,,,,,,,,
14:05:22.993,,,,,,,,,,,,,,,,
14:05:23.177,,,,,,,,,,,,,,,,
14:05:23.366,,,,"93",,,,"1875","56",,"41",,,,,
14:05:23.570,,,,"93",,,,"1875","54",,"41",,,,,
14:05:23.827,,,,,,,,,,,,,,,,
14:05:24.021,,,,"93",,,,"1875","54",,"41",,,,,
14:05:24.197,,,,,,,,,,,,,,,,
14:05:24.358,,,,,,,,,,,,,,,,
14:05:24.535,,,,,,,,,,,,,,,,
14:05:25.330,,,,,,,,,,,,,,,,
14:05:25.665,,,,,,,,,,,,,,,,
14:05:26.577,,,,,,,,,,,,,,,,
14:05:26.577,,,,,,,,,,,,,,,,
14:05:26.774,,,,,,,,,,,,,,,,
14:05:26.936,,,,"93",,,,"1875","54",,"41",,,,,
14:05:27.112,,,,,,,,,,,,,,,,
14:05:27.274,,,,,,,,,,,,,,,,
14:05:27.551,,,,,,,,,,,,,,,,
14:05:27.739,,,,"93",,,,"1579","54",,"41",,,,,
14:05:27.915,,,,"93",,,,"1579","44",,"41",,,,,
14:05:28.077,,,,,,,,,,,,,,,,
14:05:28.267,,,,"93",,,,"1579","44",,"41",,,,,
14:05:28.518,,,,,,,,,,,,,,,,
14:05:28.608,,,,,,,,,,,,,,,,
14:05:28.680,,,,,,,,,,,,,,,,
14:05:28.966,,,,,,,,,,,,,,,,
14:05:29.214,,,,,,,,,,,,,,,,
14:05:29.498,,,,,,,,,,,,,,,,
14:05:29.498,,,,,,,,,,,,,,,,
14:05:29.565,,,,,,,,,,,,,,,,
14:05:29.637,,,,"94",,,,"1579","44",,"41",,,,,
14:05:29.705,,,,,,,,,,,,,,,,
14:05:29.777,,,,,,,,,,,,,,,,
14:05:29.849,,,,,,,,,,,,,,,,
14:05:29.938,,,,"94",,,,"1502","44",,"41",,,,,
14:05:29.990,,,,"94",,,,"1502","44",,"41",,,,,
14:05:30.072,,,,,,,,,,,,,,,,
14:05:30.129,,,,"94",,,,"1502","44",,"41",,,,,
14:05:30.200,,,,,,,,,,,,,,,,
14:05:30.272,,,,,,,,,,,,,,,,
14:05:30.345,,,,,,,,,,,,,,,,
14:05:30.611,,,,,,,,,,,,,,,,
14:05:30.858,,,,,,,,,,,,,,,,
14:05:31.164,,,,,,,,,,,,,,,,
14:05:31.164,,,,,,,,,,,,,,,,
14:05:31.229,,,,,,,,,,,,,,,,
14:05:31.303,,,,"94",,,,"1502","44",,"41",,,,,
14:05:31.367,,,,,,,,,,,,,,,,
14:05:31.452,,,,,,,,,,,,,,,,
14:05:31.546,,,,,,,,,,,,,,,,
14:05:31.602,,,,"94",,,,"2064","44",,"41",,,,,
14:05:31.675,,,,"94",,,,"2064","46",,"41",,,,,
14:05:31.741,,,,,,,,,,,,,,,,
14:05:31.845,,,,"94",,,,"2064","46",,"42",,,,,
14:05:31.893,,,,,,,,,,,,,,,,
14:05:31.963,,,,,,,,,,,,,,,,
14:05:32.030,,,,,,,,,,,,,,,,
14:05:32.303,,,,,,,,,,,,,,,,
14:05:32.548,,,,,,,,,,,,,,,,
14:05:32.848,,,,,,,,,,,,,,,,
14:05:32.848,,,,,,,,,,,,,,,,
14:05:32.913,,,,,,,,,,,,,,,,
14:05:32.985,,,,"94",,,,"2064","46",,"42",,,,,
14:05:33.051,,,,,,,,,,,,,,,,
14:05:33.121,,,,,,,,,,,,,,,,
14:05:33.193,,,,,,,,,,,,,,,,
14:05:33.265,,,,"94",,,,"2200","46",,"42",,,,,
14:05:33.331,,,,"94",,,,"2200","50",,"42",,,,,
14:05:33.405,,,,,,,,,,,,,,,,
14:05:33.479,,,,"94",,,,"2200","50",,"41",,,,,
14:05:33.547,,,,,,,,,,,,,,,,
14:05:33.620,,,,,,,,,,,,,,,,
14:05:33.686,,,,,,,,,,,,,,,,
14:05:33.973,,,,,,,,,,,,,,,,
14:05:34.210,,,,,,,,,,,,,,,,
14:05:34.497,,,,,,,,,,,,,,,,
14:05:34.497,,,,,,,,,,,,,,,,
14:05:34.557,,,,,,,,,,,,,,,,
14:05:34.629,,,,"94",,,,"2200","50",,"41",,,,,
14:05:34.708,,,,,,,,,,,,,,,,
14:05:34.780,,,,,,,,,,,,,,,,
14:05:34.882,,,,,,,,,,,,,,,,
14:05:34.924,,,,"94",,,,"1772","50",,"41",,,,,
14:05:35.015,,,,"94",,,,"1772","51",,"41",,,,,
14:05:35.068,,,,,,,,,,,,,,,,
14:05:35.140,,,,"94",,,,"1772","51",,"41",,,,,
14:05:35.213,,,,,,,,,,,,,,,,
14:05:35.291,,,,,,,,,,,,,,,,
14:05:35.356,,,,,,,,,,,,,,,,
14:05:35.638,,,,,,,,,,,,,,,,
14:05:35.882,,,,,,,,,,,,,,,,
14:05:36.823,,,,,,,,,,,,,,,,
14:05:36.823,,,,,,,,,,,,,,,,
14:05:37.015,,,,,,,,,,,,,,,,
14:05:37.191,,,,"94",,,,"1772","51",,"41",,,,,
14:05:37.353,,,,,,,,,,,,,,,,
14:05:37.515,,,,,,,,,,,,,,,,
14:05:37.788,,,,,,,,,,,,,,,,
14:05:37.980,,,,"94",,,,"1659","51",,"41",,,,,
14:05:38.156,,,,"94",,,,"1659","48",,"41",,,,,
14:05:38.325,,,,,,,,,,,,,,,,
14:05:38.487,,,,"94",,,,"1659","48",,"41",,,,,
14:05:38.753,,,,,,,,,,,,,,,,
14:05:38.961,,,,,,,,,,,,,,,,
14:05:39.135,,,,,,,,,,,,,,,,
14:05:39.959,,,,,,,,,,,,,,,,
14:05:40.296,,,,,,,,,,,,,,,,
14:05:41.079,,,,,,,,,,,,,,,,
14:05:41.079,,,,,,,,,,,,,,,,
14:05:41.248,,,,,,,,,,,,,,,,
14:05:41.424,,,,"93",,,,"1659","48",,"41",,,,,
14:05:41.728,,,,,,,,,,,,,,,,
14:05:41.794,,,,,,,,,,,,,,,,
14:05:41.862,,,,,,,,,,,,,,,,
14:05:41.933,,,,"93",,,,"873","48",,"41",,,,,
14:05:42.030,,,,"93",,,,"873","29",,"41",,,,,
14:05:42.074,,,,,,,,,,,,,,,,
14:05:42.146,,,,"93",,,,"873","29",,"42",,,,,
14:05:42.214,,,,,,,,,,,,,,,,
14:05:42.286,,,,,,,,,,,,,,,,
14:05:42.399,,,,,,,,,,,,,,,,
14:05:42.633,,,,,,,,,,,,,,,,
14:05:42.877,,,,,,,,,,,,,,,,
14:05:43.183,,,,,,,,,,,,,,,,
14:05:43.183,,,,,,,,,,,,,,,,
14:05:43.250,,,,,,,,,,,,,,,,
14:05:43.329,,,,"93",,,,"873","29",,"42",,,,,
14:05:43.401,,,,,,,,,,,,,,,,
14:05:43.474,,,,,,,,,,,,,,,,
14:05:43.548,,,,,,,,,,,,,,,,
14:05:43.610,,,,"93",,,,"925","29",,"42",,,,,
14:05:43.690,,,,"93",,,,"925","19",,"42",,,,,
14:05:43.762,,,,,,,,,,,,,,,,
14:05:43.832,,,,"93",,,,"925","19",,"42",,,,,
14:05:43.899,,,,,,,,,,,,,,,,
14:05:43.970,,,,,,,,,,,,,,,,
14:05:44.035,,,,,,,,,,,,,,,,
14:05:44.306,,,,,,,,,,,,,,,,
14:05:44.557,,,,,,,,,,,,,,,,
14:05:44.832,,,,,,,,,,,,,,,,
14:05:44.832,,,,,,,,,,,,,,,,
14:05:44.921,,,,,,,,,,,,,,,,
14:05:44.985,,,,"93",,,,"925","19",,"42",,,,,
14:05:45.058,,,,,,,,,,,,,,,,
14:05:45.130,,,,,,,,,,,,,,,,
14:05:45.195,,,,,,,,,,,,,,,,
14:05:45.272,,,,"93",,,,"1750","19",,"42",,,,,
14:05:45.342,,,,"93",,,,"1750","18",,"42",,,,,
14:05:45.414,,,,,,,,,,,,,,,,
14:05:45.485,,,,"93",,,,"1750","18",,"42",,,,,
14:05:45.557,,,,,,,,,,,,,,,,
14:05:45.625,,,,,,,,,,,,,,,,
14:05:45.735,,,,,,,,,,,,,,,,
14:05:45.978,,,,,,,,,,,,,,,,
14:05:46.221,,,,,,,,,,,,,,,,
14:05:46.525,,,,,,,,,,,,,,,,
14:05:46.525,,,,,,,,,,,,,,,,
14:05:46.605,,,,,,,,,,,,,,,,
14:05:46.677,,,,"92",,,,"1750","18",,"42",,,,,
14:05:46.749,,,,,,,,,,,,,,,,
14:05:46.821,,,,,,,,,,,,,,,,
14:05:46.891,,,,,,,,,,,,,,,,
14:05:46.958,,,,"92",,,,"2435","18",,"42",,,,,
14:05:47.074,,,,"92",,,,"2435","26",,"42",,,,,
14:05:47.103,,,,,,,,,,,,,,,,
14:05:47.188,,,,"92",,,,"2435","26",,"42",,,,,
14:05:47.254,,,,,,,,,,,,,,,,
14:05:47.325,,,,,,,,,,,,,,,,
14:05:47.387,,,,,,,,,,,,,,,,
14:05:47.662,,,,,,,,,,,,,,,,
14:05:47.917,,,,,,,,,,,,,,,,
14:05:48.201,,,,,,,,,,,,,,,,
14:05:48.201,,,,,,,,,,,,,,,,
14:05:48.274,,,,,,,,,,,,,,,,
14:05:48.342,,,,"91",,,,"2435","26",,"42",,,,,
14:05:48.407,,,,,,,,,,,,,,,,
14:05:48.482,,,,,,,,,,,,,,,,
14:05:48.546,,,,,,,,,,,,,,,,
14:05:48.619,,,,"91",,,,"1795","26",,"42",,,,,
14:05:48.709,,,,"91",,,,"1795","29",,"42",,,,,
14:05:48.956,,,,,,,,,,,,,,,,
14:05:49.173,,,,"91",,,,"1795","29",,"42",,,,,
14:05:49.370,,,,,,,,,,,,,,,,
14:05:49.566,,,,,,,,,,,,,,,,
14:05:49.832,,,,,,,,,,,,,,,,
14:05:50.525,,,,,,,,,,,,,,,,
14:05:50.874,,,,,,,,,,,,,,,,
14:05:51.752,,,,,,,,,,,,,,,,
14:05:51.752,,,,,,,,,,,,,,,,
14:05:51.964,,,,,,,,,,,,,,,,
14:05:52.137,,,,"90",,,,"1795","29",,"42",,,,,
14:05:52.315,,,,,,,,,,,,,,,,
14:05:52.532,,,,,,,,,,,,,,,,
14:05:52.693,,,,,,,,,,,,,,,,
14:05:52.966,,,,"90",,,,"1211","29",,"42",,,,,
14:05:53.158,,,,"90",,,,"1211","24",,"42",,,,,
14:05:53.335,,,,,,,,,,,,,,,,
14:05:53.496,,,,"90",,,,"1211","24",,"42",,,,,
14:05:53.665,,,,,,,,,,,,,,,,
14:05:53.933,,,,,,,,,,,,,,,,
14:05:54.132,,,,,,,,,,,,,,,,
14:05:54.978,,,,,,,,,,,,,,,,
14:05:55.225,,,,,,,,,,,,,,,,
14:05:55.496,,,,,,,,,,,,,,,,
14:05:55.496,,,,,,,,,,,,,,,,
14:05:55.574,,,,,,,,,,,,,,,,
14:05:55.654,,,,"89",,,,"1211","24",,"42",,,,,
14:05:55.726,,,,,,,,,,,,,,,,
14:05:55.806,,,,,,,,,,,,,,,,
14:05:55.866,,,,,,,,,,,,,,,,
14:05:55.955,,,,"89",,,,"2549","24",,"42",,,,,
14:05:56.015,,,,"89",,,,"2549","27",,"42",,,,,
14:05:56.086,,,,,,,,,,,,,,,,
14:05:56.175,,,,"89",,,,"2549","27",,"42",,,,,
14:05:56.238,,,,,,,,,,,,,,,,
14:05:56.310,,,,,,,,,,,,,,,,
14:05:56.405,,,,,,,,,,,,,,,,
14:05:56.638,,,,,,,,,,,,,,,,
14:05:56.890,,,,,,,,,,,,,,,,
14:05:57.181,,,,,,,,,,,,,,,,
14:05:57.181,,,,,,,,,,,,,,,,
14:05:57.253,,,,,,,,,,,,,,,,
14:05:57.325,,,,"89",,,,"2549","27",,"42",,,,,
14:05:57.389,,,,,,,,,,,,,,,,
14:05:57.456,,,,,,,,,,,,,,,,
14:05:57.545,,,,,,,,,,,,,,,,
14:05:57.602,,,,"89",,,,"1836","27",,"42",,,,,
14:05:57.679,,,,"89",,,,"1836","30",,"42",,,,,
14:05:57.742,,,,,,,,,,,,,,,,
14:05:57.825,,,,"89",,,,"1836","30",,"42",,,,,
14:05:57.879,,,,,,,,,,,,,,,,
14:05:57.959,,,,,,,,,,,,,,,,
14:05:58.028,,,,,,,,,,,,,,,,
14:05:58.301,,,,,,,,,,,,,,,,
14:05:58.544,,,,,,,,,,,,,,,,
14:05:58.833,,,,,,,,,,,,,,,,
14:05:58.833,,,,,,,,,,,,,,,,
14:05:58.897,,,,,,,,,,,,,,,,
14:05:58.977,,,,"89",,,,"1836","30",,"42",,,,,
14:05:59.042,,,,,,,,,,,,,,,,
14:05:59.122,,,,,,,,,,,,,,,,
14:05:59.186,,,,,,,,,,,,,,,,
14:05:59.263,,,,"89",,,,"1887","30",,"42",,,,,
14:05:59.332,,,,"89",,,,"1887","30",,"42",,,,,
14:05:59.417,,,,,,,,,,,,,,,,
14:05:59.489,,,,"89",,,,"1887","30",,"41",,,,,
14:05:59.555,,,,,,,,,,,,,,,,
14:05:59.628,,,,,,,,,,,,,,,,
14:05:59.706,,,,,,,,,,,,,,,,
14:05:59.985,,,,,,,,,,,,,,,,
14:06:00.240,,,,,,,,,,,,,,,,
14:06:00.539,,,,,,,,,,,,,,,,
14:06:00.539,,,,,,,,,,,,,,,,
14:06:00.610,,,,,,,,,,,,,,,,
14:06:00.689,,,,"89",,,,"1887","30",,"41",,,,,
14:06:00.769,,,,,,,,,,,,,,,,
14:06:00.843,,,,,,,,,,,,,,,,
14:06:00.907,,,,,,,,,,,,,,,,
14:06:00.981,,,,"89",,,,"2010","30",,"41",,,,,
14:06:01.051,,,,"89",,,,"2010","33",,"41",,,,,
14:06:01.122,,,,,,,,,,,,,,,,
14:06:01.195,,,,"89",,,,"2010","33",,"42",,,,,
14:06:01.275,,,,,,,,,,,,,,,,
14:06:01.340,,,,,,,,,,,,,,,,
14:06:01.403,,,,,,,,,,,,,,,,
14:06:01.675,,,,,,,,,,,,,,,,
14:06:02.159,,,,,,,,,,,,,,,,
14:06:03.034,,,,,,,,,,,,,,,,
14:06:03.034,,,,,,,,,,,,,,,,
14:06:03.202,,,,,,,,,,,,,,,,
14:06:03.364,,,,"89",,,,"2010","33",,"42",,,,,
14:06:03.550,,,,,,,,,,,,,,,,
14:06:03.805,,,,,,,,,,,,,,,,
14:06:03.998,,,,,,,,,,,,,,,,
14:06:04.182,,,,"89",,,,"1025","33",,"42",,,,,
14:06:04.344,,,,"89",,,,"1025","22",,"42",,,,,
14:06:04.512,,,,,,,,,,,,,,,,
14:06:04.787,,,,"89",,,,"1025","22",,"42",,,,,
14:06:04.976,,,,,,,,,,,,,,,,
14:06:05.148,,,,,,,,,,,,,,,,
14:06:05.330,,,,,,,,,,,,,,,,
14:06:06.192,,,,,,,,,,,,,,,,
14:06:06.527,,,,,,,,,,,,,,,,
14:06:07.330,,,,,,,,,,,,,,,,
14:06:07.330,,,,,,,,,,,,,,,,
14:06:07.492,,,,,,,,,,,,,,,,
14:06:07.654,,,,"89",,,,"1025","22",,"42",,,,,
14:06:07.971,,,,,,,,,,,,,,,,
14:06:08.036,,,,,,,,,,,,,,,,
14:06:08.107,,,,,,,,,,,,,,,,
14:06:08.177,,,,"89",,,,"1006","22",,"42",,,,,
14:06:08.247,,,,"89",,,,"1006","10",,"42",,,,,
14:06:08.334,,,,,,,,,,,,,,,,
14:06:08.399,,,,"89",,,,"1006","10",,"43",,,,,
14:06:08.472,,,,,,,,,,,,,,,,
14:06:08.538,,,,,,,,,,,,,,,,
14:06:08.633,,,,,,,,,,,,,,,,
14:06:08.896,,,,,,,,,,,,,,,,
14:06:09.139,,,,,,,,,,,,,,,,
14:06:09.400,,,,,,,,,,,,,,,,
14:06:09.400,,,,,,,,,,,,,,,,
14:06:09.472,,,,,,,,,,,,,,,,
14:06:09.536,,,,"89",,,,"1006","10",,"43",,,,,
14:06:09.608,,,,,,,,,,,,,,,,
14:06:09.687,,,,,,,,,,,,,,,,
14:06:09.759,,,,,,,,,,,,,,,,
14:06:09.832,,,,"89",,,,"1557","10",,"43",,,,,
14:06:09.912,,,,"89",,,,"1557","16",,"43",,,,,
14:06:09.986,,,,,,,,,,,,,,,,
14:06:10.065,,,,"89",,,,"1557","16",,"43",,,,,
14:06:10.124,,,,,,,,,,,,,,,,
14:06:10.234,,,,,,,,,,,,,,,,
14:06:10.264,,,,,,,,,,,,,,,,
14:06:10.545,,,,,,,,,,,,,,,,
14:06:10.796,,,,,,,,,,,,,,,,
14:06:11.068,,,,,,,,,,,,,,,,
14:06:11.068,,,,,,,,,,,,,,,,
14:06:11.146,,,,,,,,,,,,,,,,
14:06:11.212,,,,"89",,,,"1557","16",,"43",,,,,
14:06:11.284,,,,,,,,,,,,,,,,
14:06:11.368,,,,,,,,,,,,,,,,
14:06:11.424,,,,,,,,,,,,,,,,
14:06:11.522,,,,"89",,,,"2128","16",,"43",,,,,
14:06:11.575,,,,"89",,,,"2128","23",,"43",,,,,
14:06:11.647,,,,,,,,,,,,,,,,
14:06:11.718,,,,"89",,,,"2128","23",,"42",,,,,
14:06:11.785,,,,,,,,,,,,,,,,
14:06:11.863,,,,,,,,,,,,,,,,
14:06:11.935,,,,,,,,,,,,,,,,
14:06:12.212,,,,,,,,,,,,,,,,
14:06:12.456,,,,,,,,,,,,,,,,
14:06:12.855,,,,,,,,,,,,,,,,
14:06:12.855,,,,,,,,,,,,,,,,
14:06:12.931,,,,,,,,,,,,,,,,
14:06:12.996,,,,"90",,,,"2128","23",,"42",,,,,
14:06:13.061,,,,,,,,,,,,,,,,
14:06:13.128,,,,,,,,,,,,,,,,
14:06:13.200,,,,,,,,,,,,,,,,
14:06:13.270,,,,"90",,,,"1704","23",,"42",,,,,
14:06:13.348,,,,"90",,,,"1704","28",,"42",,,,,
14:06:13.410,,,,,,,,,,,,,,,,
14:06:13.505,,,,"90",,,,"1704","28",,"42",,,,,
14:06:13.556,,,,,,,,,,,,,,,,
14:06:13.638,,,,,,,,,,,,,,,,
14:06:13.707,,,,,,,,,,,,,,,,
14:06:13.977,,,,,,,,,,,,,,,,
14:06:14.217,,,,,,,,,,,,,,,,
14:06:14.502,,,,,,,,,,,,,,,,
14:06:14.502,,,,,,,,,,,,,,,,
14:06:14.572,,,,,,,,,,,,,,,,
14:06:14.644,,,,"90",,,,"1704","28",,"42",,,,,
14:06:14.828,,,,,,,,,,,,,,,,
14:06:14.980,,,,,,,,,,,,,,,,
14:06:15.176,,,,,,,,,,,,,,,,
14:06:15.369,,,,"90",,,,"1856","28",,"42",,,,,
14:06:15.564,,,,"90",,,,"1856","31",,"42",,,,,
14:06:15.831,,,,,,,,,,,,,,,,
14:06:16.037,,,,"90",,,,"1856","31",,"42",,,,,
14:06:16.198,,,,,,,,,,,,,,,,
14:06:16.361,,,,,,,,,,,,,,,,
14:06:16.537,,,,,,,,,,,,,,,,
14:06:17.333,,,,,,,,,,,,,,,,
14:06:17.690,,,,,,,,,,,,,,,,
14:06:18.734,,,,,,,,,,,,,,,,
14:06:18.734,,,,,,,,,,,,,,,,
14:06:18.999,,,,,,,,,,,,,,,,
14:06:19.187,,,,"91",,,,"1856","31",,"42",,,,,
14:06:19.362,,,,,,,,,,,,,,,,
14:06:19.523,,,,,,,,,,,,,,,,
14:06:19.700,,,,,,,,,,,,,,,,
14:06:19.969,,,,"91",,,,"970","31",,"42",,,,,
14:06:20.164,,,,"91",,,,"970","9",,"42",,,,,
14:06:20.326,,,,,,,,,,,,,,,,
14:06:20.502,,,,"91",,,,"970","9",,"43",,,,,
14:06:20.664,,,,,,,,,,,,,,,,
14:06:20.939,,,,,,,,,,,,,,,,
14:06:21.021,,,,,,,,,,,,,,,,
14:06:21.304,,,,,,,,,,,,,,,,
14:06:21.547,,,,,,,,,,,,,,,,
14:06:21.944,,,,,,,,,,,,,,,,
14:06:21.944,,,,,,,,,,,,,,,,
14:06:22.017,,,,,,,,,,,,,,,,
14:06:22.081,,,,"91",,,,"970","9",,"43",,,,,
14:06:22.155,,,,,,,,,,,,,,,,
14:06:22.224,,,,,,,,,,,,,,,,
14:06:22.282,,,,,,,,,,,,,,,,
14:06:22.356,,,,"91",,,,"1015","9",,"43",,,,,
14:06:22.442,,,,"91",,,,"1015","5",,"43",,,,,
14:06:22.492,,,,,,,,,,,,,,,,
14:06:22.590,,,,"91",,,,"1015","5",,"43",,,,,
14:06:22.631,,,,,,,,,,,,,,,,
14:06:22.722,,,,,,,,,,,,,,,,
14:06:22.784,,,,,,,,,,,,,,,,
14:06:23.060,,,,,,,,,,,,,,,,
14:06:23.309,,,,,,,,,,,,,,,,
14:06:23.801,,,,,,,,,,,,,,,,
14:06:23.801,,,,,,,,,,,,,,,,
14:06:23.873,,,,,,,,,,,,,,,,
14:06:23.947,,,,"91",,,,"1015","5",,"43",,,,,
14:06:24.011,,,,,,,,,,,,,,,,
14:06:24.087,,,,,,,,,,,,,,,,
14:06:24.163,,,,,,,,,,,,,,,,
14:06:24.245,,,,"91",,,,"1957","5",,"43",,,,,
14:06:24.293,,,,"91",,,,"1957","10",,"43",,,,,
14:06:24.392,,,,,,,,,,,,,,,,
14:06:24.436,,,,"91",,,,"1957","10",,"43",,,,,
14:06:24.515,,,,,,,,,,,,,,,,
14:06:24.578,,,,,,,,,,,,,,,,
14:06:24.660,,,,,,,,,,,,,,,,
14:06:24.908,,,,,,,,,,,,,,,,
14:06:25.151,,,,,,,,,,,,,,,,
14:06:25.440,,,,,,,,,,,,,,,,
14:06:25.440,,,,,,,,,,,,,,,,
14:06:25.505,,,,,,,,,,,,,,,,
14:06:25.585,,,,"91",,,,"1957","10",,"43",,,,,
14:06:25.653,,,,,,,,,,,,,,,,
14:06:25.724,,,,,,,,,,,,,,,,
14:06:25.800,,,,,,,,,,,,,,,,
14:06:25.864,,,,"91",,,,"1724","10",,"43",,,,,
14:06:25.948,,,,"91",,,,"1724","18",,"43",,,,,
14:06:26.012,,,,,,,,,,,,,,,,
14:06:26.084,,,,"91",,,,"1724","18",,"43",,,,,
14:06:26.156,,,,,,,,,,,,,,,,
14:06:26.230,,,,,,,,,,,,,,,,
14:06:26.301,,,,,,,,,,,,,,,,
14:06:26.586,,,,,,,,,,,,,,,,
14:06:26.835,,,,,,,,,,,,,,,,
14:06:27.125,,,,,,,,,,,,,,,,
14:06:27.125,,,,,,,,,,,,,,,,
14:06:27.196,,,,,,,,,,,,,,,,
14:06:27.268,,,,"92",,,,"1724","18",,"43",,,,,
14:06:27.336,,,,,,,,,,,,,,,,
14:06:27.419,,,,,,,,,,,,,,,,
14:06:27.476,,,,,,,,,,,,,,,,
14:06:27.549,,,,"92",,,,"2419","18",,"43",,,,,
14:06:27.618,,,,"92",,,,"2419","26",,"43",,,,,
14:06:27.806,,,,,,,,,,,,,,,,
14:06:28.005,,,,"92",,,,"2419","26",,"42",,,,,
14:06:28.201,,,,,,,,,,,,,,,,
14:06:28.391,,,,,,,,,,,,,,,,
14:06:28.661,,,,,,,,,,,,,,,,
14:06:29.363,,,,,,,,,,,,,,,,
14:06:29.707,,,,,,,,,,,,,,,,
14:06:30.597,,,,,,,,,,,,,,,,
14:06:30.597,,,,,,,,,,,,,,,,
14:06:30.674,,,,,,,,,,,,,,,,
14:06:30.983,,,,"93",,,,"2419","26",,"42",,,,,
14:06:31.160,,,,,,,,,,,,,,,,
14:06:31.370,,,,,,,,,,,,,,,,
14:06:31.553,,,,,,,,,,,,,,,,
14:06:31.811,,,,"93",,,,"2236","26",,"42",,,,,
14:06:32.004,,,,"93",,,,"2236","38",,"42",,,,,
14:06:32.166,,,,,,,,,,,,,,,,
14:06:32.342,,,,"93",,,,"2236","38",,"42",,,,,
14:06:32.504,,,,,,,,,,,,,,,,
14:06:32.777,,,,,,,,,,,,,,,,
14:06:32.969,,,,,,,,,,,,,,,,
14:06:33.744,,,,,,,,,,,,,,,,
14:06:34.019,,,,,,,,,,,,,,,,
14:06:34.396,,,,,,,,,,,,,,,,
14:06:34.396,,,,,,,,,,,,,,,,
14:06:34.468,,,,,,,,,,,,,,,,
14:06:34.548,,,,"94",,,,"2236","38",,"42",,,,,
14:06:34.604,,,,,,,,,,,,,,,,
14:06:34.684,,,,,,,,,,,,,,,,
14:06:34.756,,,,,,,,,,,,,,,,
14:06:34.822,,,,"94",,,,"1900","38",,"42",,,,,
14:06:34.894,,,,"94",,,,"1900","42",,"42",,,,,
14:06:34.981,,,,,,,,,,,,,,,,
14:06:35.033,,,,"94",,,,"1900","42",,"41",,,,,
14:06:35.105,,,,,,,,,,,,,,,,
14:06:35.180,,,,,,,,,,,,,,,,
14:06:35.249,,,,,,,,,,,,,,,,
14:06:35.531,,,,,,,,,,,,,,,,
14:06:35.776,,,,,,,,,,,,,,,,
14:06:36.079,,,,,,,,,,,,,,,,
14:06:36.079,,,,,,,,,,,,,,,,
14:06:36.153,,,,,,,,,,,,,,,,
14:06:36.227,,,,"94",,,,"1900","42",,"41",,,,,
14:06:36.294,,,,,,,,,,,,,,,,
14:06:36.366,,,,,,,,,,,,,,,,
14:06:36.437,,,,,,,,,,,,,,,,
14:06:36.516,,,,"94",,,,"1902","42",,"41",,,,,
14:06:36.588,,,,"94",,,,"1902","43",,"41",,,,,
14:06:36.660,,,,,,,,,,,,,,,,
14:06:36.724,,,,"94",,,,"1902","43",,"42",,,,,
14:06:36.796,,,,,,,,,,,,,,,,
14:06:36.869,,,,,,,,,,,,,,,,
14:06:36.941,,,,,,,,,,,,,,,,
14:06:37.216,,,,,,,,,,,,,,,,
14:06:37.462,,,,,,,,,,,,,,,,
14:06:37.746,,,,,,,,,,,,,,,,
14:06:37.746,,,,,,,,,,,,,,,,
14:06:37.818,,,,,,,,,,,,,,,,
14:06:37.885,,,,"95",,,,"1902","43",,"42",,,,,
14:06:37.957,,,,,,,,,,,,,,,,
14:06:38.030,,,,,,,,,,,,,,,,
14:06:38.096,,,,,,,,,,,,,,,,
14:06:38.170,,,,"95",,,,"1908","43",,"42",,,,,
14:06:38.239,,,,"95",,,,"1908","44",,"42",,,,,
14:06:38.309,,,,,,,,,,,,,,,,
14:06:38.383,,,,"95",,,,"1908","44",,"42",,,,,
14:06:38.454,,,,,,,,,,,,,,,,
14:06:38.528,,,,,,,,,,,,,,,,
14:06:38.607,,,,,,,,,,,,,,,,
14:06:38.874,,,,,,,,,,,,,,,,
14:06:39.118,,,,,,,,,,,,,,,,
14:06:39.422,,,,,,,,,,,,,,,,
14:06:39.422,,,,,,,,,,,,,,,,
14:06:39.501,,,,,,,,,,,,,,,,
14:06:39.573,,,,"95",,,,"1908","44",,"42",,,,,
14:06:39.645,,,,,,,,,,,,,,,,
14:06:39.710,,,,,,,,,,,,,,,,
14:06:39.782,,,,,,,,,,,,,,,,
14:06:39.872,,,,"95",,,,"1862","44",,"42",,,,,
14:06:39.933,,,,"95",,,,"1862","42",,"42",,,,,
14:06:40.006,,,,,,,,,,,,,,,,
14:06:40.077,,,,"95",,,,"1862","42",,"42",,,,,
14:06:40.142,,,,,,,,,,,,,,,,
14:06:40.242,,,,,,,,,,,,,,,,
14:06:40.281,,,,,,,,,,,,,,,,
14:06:40.562,,,,,,,,,,,,,,,,
14:06:40.810,,,,,,,,,,,,,,,,
14:06:41.648,,,,,,,,,,,,,,,,
14:06:41.648,,,,,,,,,,,,,,,,
14:06:41.836,,,,,,,,,,,,,,,,
14:06:42.012,,,,"95",,,,"1862","42",,"42",,,,,
14:06:42.174,,,,,,,,,,,,,,,,
14:06:42.350,,,,,,,,,,,,,,,,
14:06:42.653,,,,,,,,,,,,,,,,
14:06:42.815,,,,"95",,,,"1962","42",,"42",,,,,
14:06:42.977,,,,"95",,,,"1962","45",,"42",,,,,
14:06:43.153,,,,,,,,,,,,,,,,
14:06:43.315,,,,"95",,,,"1962","45",,"42",,,,,
14:06:43.582,,,,,,,,,,,,,,,,
14:06:43.657,,,,,,,,,,,,,,,,
14:06:43.923,,,,,,,,,,,,,,,,
14:06:44.792,,,,,,,,,,,,,,,,
14:06:45.160,,,,,,,,,,,,,,,,
14:06:45.956,,,,,,,,,,,,,,,,
14:06:45.956,,,,,,,,,,,,,,,,
14:06:46.118,,,,,,,,,,,,,,,,
14:06:46.294,,,,"95",,,,"1962","45",,"42",,,,,
14:06:46.456,,,,,,,,,,,,,,,,
14:06:46.727,,,,,,,,,,,,,,,,
14:06:46.808,,,,,,,,,,,,,,,,
14:06:46.887,,,,"95",,,,"1922","45",,"42",,,,,
14:06:46.958,,,,"95",,,,"1922","44",,"42",,,,,
14:06:47.029,,,,,,,,,,,,,,,,
14:06:47.105,,,,"95",,,,"1922","44",,"42",,,,,
14:06:47.170,,,,,,,,,,,,,,,,
14:06:47.249,,,,,,,,,,,,,,,,
14:06:47.321,,,,,,,,,,,,,,,,
14:06:47.605,,,,,,,,,,,,,,,,
14:06:47.849,,,,,,,,,,,,,,,,
14:06:48.134,,,,,,,,,,,,,,,,
14:06:48.134,,,,,,,,,,,,,,,,
14:06:48.206,,,,,,,,,,,,,,,,
14:06:48.278,,,,"94",,,,"1922","44",,"42",,,,,
14:06:48.350,,,,,,,,,,,,,,,,
14:06:48.423,,,,,,,,,,,,,,,,
14:06:48.490,,,,,,,,,,,,,,,,
14:06:48.562,,,,"94",,,,"1788","44",,"42",,,,,
14:06:48.627,,,,"94",,,,"1788","40",,"42",,,,,
14:06:48.699,,,,,,,,,,,,,,,,
14:06:48.795,,,,"94",,,,"1788","40",,"42",,,,,
14:06:48.838,,,,,,,,,,,,,,,,
14:06:48.924,,,,,,,,,,,,,,,,
14:06:48.976,,,,,,,,,,,,,,,,
14:06:49.258,,,,,,,,,,,,,,,,
14:06:49.502,,,,,,,,,,,,,,,,
14:06:49.800,,,,,,,,,,,,,,,,
14:06:49.800,,,,,,,,,,,,,,,,
14:06:49.865,,,,,,,,,,,,,,,,
14:06:49.930,,,,"93",,,,"1788","40",,"42",,,,,
14:06:50.009,,,,,,,,,,,,,,,,
14:06:50.074,,,,,,,,,,,,,,,,
14:06:50.146,,,,,,,,,,,,,,,,
14:06:50.219,,,,"93",,,,"1832","40",,"42",,,,,
14:06:50.283,,,,"93",,,,"1832","41",,"42",,,,,
14:06:50.355,,,,,,,,,,,,,,,,
14:06:50.423,,,,"93",,,,"1832","41",,"42",,,,,
14:06:50.501,,,,,,,,,,,,,,,,
14:06:50.566,,,,,,,,,,,,,,,,
14:06:50.635,,,,,,,,,,,,,,,,
14:06:50.926,,,,,,,,,,,,,,,,
14:06:51.163,,,,,,,,,,,,,,,,
14:06:51.473,,,,,,,,,,,,,,,,
14:06:51.473,,,,,,,,,,,,,,,,
14:06:51.550,,,,,,,,,,,,,,,,
14:06:51.613,,,,"92",,,,"1832","41",,"42",,,,,
14:06:51.693,,,,,,,,,,,,,,,,
14:06:51.758,,,,,,,,,,,,,,,,
14:06:51.831,,,,,,,,,,,,,,,,
14:06:51.903,,,,"92",,,,"2013","41",,"42",,,,,
14:06:51.975,,,,"92",,,,"2013","45",,"42",,,,,
14:06:52.040,,,,,,,,,,,,,,,,
14:06:52.115,,,,"92",,,,"2013","45",,"42",,,,,
14:06:52.186,,,,,,,,,,,,,,,,
14:06:52.261,,,,,,,,,,,,,,,,
14:06:52.331,,,,,,,,,,,,,,,,
14:06:52.607,,,,,,,,,,,,,,,,
14:06:52.852,,,,,,,,,,,,,,,,
14:06:53.136,,,,,,,,,,,,,,,,
14:06:53.136,,,,,,,,,,,,,,,,
14:06:53.207,,,,,,,,,,,,,,,,
14:06:53.272,,,,"92",,,,"2013","45",,"42",,,,,
14:06:53.331,,,,,,,,,,,,,,,,
14:06:53.418,,,,,,,,,,,,,,,,
14:06:53.481,,,,,,,,,,,,,,,,
14:06:53.553,,,,"92",,,,"2065","45",,"42",,,,,
14:06:53.625,,,,"92",,,,"2065","46",,"42",,,,,
14:06:53.824,,,,,,,,,,,,,,,,
14:06:53.998,,,,"92",,,,"2065","46",,"42",,,,,
14:06:54.218,,,,,,,,,,,,,,,,
14:06:54.380,,,,,,,,,,,,,,,,
14:06:54.650,,,,,,,,,,,,,,,,
14:06:55.345,,,,,,,,,,,,,,,,
14:06:55.695,,,,,,,,,,,,,,,,
14:06:56.586,,,,,,,,,,,,,,,,
14:06:56.586,,,,,,,,,,,,,,,,
14:06:56.663,,,,,,,,,,,,,,,,
14:06:56.972,,,,"90",,,,"2065","46",,"42",,,,,
14:06:57.150,,,,,,,,,,,,,,,,
14:06:57.367,,,,,,,,,,,,,,,,
14:06:57.529,,,,,,,,,,,,,,,,
14:06:57.802,,,,"90",,,,"2187","46",,"42",,,,,
14:06:57.994,,,,"90",,,,"2187","49",,"42",,,,,
14:06:58.169,,,,,,,,,,,,,,,,
14:06:58.332,,,,"90",,,,"2187","49",,"42",,,,,
14:06:58.496,,,,,,,,,,,,,,,,
14:06:58.768,,,,,,,,,,,,,,,,
14:06:58.960,,,,,,,,,,,,,,,,
14:06:59.740,,,,,,,,,,,,,,,,
14:06:59.990,,,,,,,,,,,,,,,,
14:07:00.463,,,,,,,,,,,,,,,,
14:07:00.463,,,,,,,,,,,,,,,,
14:07:00.535,,,,,,,,,,,,,,,,
14:07:00.603,,,,"89",,,,"2187","49",,"42",,,,,
14:07:00.675,,,,,,,,,,,,,,,,
14:07:00.749,,,,,,,,,,,,,,,,
14:07:00.812,,,,,,,,,,,,,,,,
14:07:00.932,,,,"89",,,,"2442","49",,"42",,,,,
14:07:00.956,,,,"89",,,,"2442","55",,"42",,,,,
14:07:01.024,,,,,,,,,,,,,,,,
14:07:01.096,,,,"89",,,,"2442","55",,"42",,,,,
